"TABLE_SCHEMA","TABLE_NAME","TABLE_ROWS","data_length/1024/1024/1024","index_length/1024/1024/1024","data_free/1024/1024/1024","COLUMN_NAME","COLUMN_COMMENT","ORDINAL_POSITION","IS_NULLABLE","DATA_TYPE","CHARACTER_MAXIMUM_LENGTH","COLUMN_TYPE"
research,question_answer_instance,300157300,48.867187500000,52.194168090820,0.004882812500,answer,答案,6,YES,text,65535,text
message_data,mess_station_letter,31725471,5.624984741211,1.314422607422,0.003906250000,content,内容,14,NO,text,65535,text
research,sample,11062685,8.110290527344,3.425369262695,0.003906250000,migrate_extend_info,"1.0迁移样本扩展信息",54,YES,text,65535,text
research,sample_review_record,7086862,1.381835937500,0.681640625000,0.003906250000,sample_snapshot,样本快照,9,YES,text,65535,text
import,imps_data_record,4397910,3.384765625000,0.503890991211,0.005859375000,request_data,请求数据体,4,YES,text,65535,text
import,imps_data_record,4397910,3.384765625000,0.503890991211,0.005859375000,response_data,返回数据体,5,YES,text,65535,text
content_data,cons_first_review,1849842,0.306518554688,0.114532470703,0.004882812500,content,评论内容,7,YES,text,65535,text
dzjetl,question_id_insert,1301144,0.197006225586,0.000000000000,0.006835937500,answer,"",2,YES,text,65535,text
user_data,uses_doctor_info,1080748,0.253494262695,0.186737060547,0.031250000000,disease,擅长疾病,12,YES,text,65535,text
user_data,uses_doctor_info,1080748,0.253494262695,0.186737060547,0.031250000000,introduce,个人简介,20,YES,text,65535,text
auth,auts_certification_record,1080648,0.128585815430,0.039672851563,0.006835937500,certification_info,认证信息,8,YES,json,,json
live_video,lvs_comment,1026554,0.221466064453,0.149841308594,0.005859375000,content,评论内容,5,YES,text,65535,text
case_data,cass_case_answer,945067,0.413085937500,0.037689208984,0.003906250000,answer,病例解答，与病例问题用json存储,4,YES,text,65535,text
case_data,cass_case_answer,945067,0.413085937500,0.037689208984,0.003906250000,medic_essential,医学要点,8,YES,text,65535,text
case_data,cass_case_answer,945067,0.413085937500,0.037689208984,0.003906250000,diagnostic_basis,诊断依据,13,YES,text,65535,text
case_data,cass_case_answer,945067,0.413085937500,0.037689208984,0.003906250000,nurse_point,护理要点,15,YES,text,65535,text
case_data,cass_case_answer,945067,0.413085937500,0.037689208984,0.003906250000,medication_experience,用药经验,16,YES,text,65535,text
case_data,cass_case_answer,945067,0.413085937500,0.037689208984,0.003906250000,drug_point,药学知识要点,17,YES,text,65535,text
case_data,cass_case_answer,945067,0.413085937500,0.037689208984,0.003906250000,diagnostic_opinion,诊断意见,18,YES,text,65535,text
case_data,cass_case_answer,945067,0.413085937500,0.037689208984,0.003906250000,diagnostic_thinking,诊断思路,19,YES,text,65535,text
questionnaire,ques_questionnaire_instance,932655,0.257446289063,0.233932495117,0.006835937500,result,测评提示信息,11,YES,text,65535,text
live_video,lvs_child_comment,783611,0.253723144531,0.129791259766,0.003906250000,content,评论内容,4,YES,text,65535,text
message_data,mess_record,543748,0.124679565430,0.020095825195,0.006835937500,content,内容,10,NO,text,65535,text
case_data,cass_case_western_medicine_clinical_practice,543171,0.535156250000,0.029907226563,0.003906250000,symptoms,主诉,8,YES,text,65535,text
case_data,cass_case_western_medicine_clinical_practice,543171,0.535156250000,0.029907226563,0.003906250000,part_history,既往史,10,YES,text,65535,text
case_data,cass_case_western_medicine_clinical_practice,543171,0.535156250000,0.029907226563,0.003906250000,personal_history,个人史,11,YES,text,65535,text
case_data,cass_case_western_medicine_clinical_practice,543171,0.535156250000,0.029907226563,0.003906250000,family_history,家族史,13,YES,text,65535,text
case_data,cass_case_western_medicine_clinical_practice,543171,0.535156250000,0.029907226563,0.003906250000,answer_part,疑点问题解答json数据,15,YES,text,65535,text
case_data,cass_case_western_medicine_clinical_practice,543171,0.535156250000,0.029907226563,0.003906250000,doubt_part,疑难问题json数据,17,YES,text,65535,text
case_data,cass_case_western_medicine_clinical_practice,543171,0.535156250000,0.029907226563,0.003906250000,disease_desc_url,病情描述图片,18,YES,text,65535,text
case_data,cass_case_western_medicine_clinical_practice,543171,0.535156250000,0.029907226563,0.003906250000,treatment_method_url,诊疗方法图片,19,YES,text,65535,text
case_data,cass_case_western_medicine_clinical_practice,543171,0.535156250000,0.029907226563,0.003906250000,case_desc,病例描述,20,YES,text,65535,text
disease_data,dids_disease_diagnostic_scribe,354896,0.205947875977,0.020111083984,0.004882812500,context,正文，可用标记符标记颜色,4,YES,text,65535,text
settlement,special_settlement_bill,351401,0.252899169922,0.012268066406,0.004882812500,role_param,角色条件参数,11,YES,text,65535,text
content_data,cons_content,332757,0.137451171875,0.053863525391,0.005859375000,subtitle,内容标题,6,YES,text,65535,text
research,cases_import_info,263571,1.112304687500,0.011245727539,0.006835937500,handler_code,处方单号code,5,YES,mediumtext,16777215,mediumtext
research,cases_import_info,263571,1.112304687500,0.011245727539,0.006835937500,product_name,药品名称,8,YES,mediumtext,16777215,mediumtext
research,cases_import_info,263571,1.112304687500,0.011245727539,0.006835937500,cases_info,病例json,10,YES,mediumtext,16777215,mediumtext
research,cases_import_info,263571,1.112304687500,0.011245727539,0.006835937500,message,备注,12,YES,mediumtext,16777215,mediumtext
disease_data,dids_disease_diagnostic_symptom,219538,0.052337646484,0.023574829102,0.003906250000,body_part_code,部位编码,9,YES,varchar,2048,varchar(2048)
disease_data,dids_disease_diagnostic_symptom,219538,0.052337646484,0.023574829102,0.003906250000,ext,自增属性,15,YES,text,65535,text
user_data,uses_nurse_info,217737,0.054290771484,0.038742065430,0.021484375000,introduce,个人简介,18,YES,text,65535,text
disease_data,dids_disease_diagnostic_antidiastole,187188,0.082626342773,0.019607543945,0.005859375000,identification_point,鉴别要点,7,YES,mediumtext,16777215,mediumtext
disease_data,dids_disease_diagnostic_sign,152313,0.038650512695,0.017669677734,0.004882812500,body_part_code,部位编码,7,YES,varchar,2048,varchar(2048)
disease_data,dids_disease_diagnostic_sign,152313,0.038650512695,0.017669677734,0.004882812500,image,图片编码，多张图片用逗号隔开,10,YES,text,65535,text
disease_data,dids_disease_diagnostic_sign,152313,0.038650512695,0.017669677734,0.004882812500,ext,自增属性,11,YES,text,65535,text
content_data,cons_acticle,147561,0.223937988281,0.008361816406,0.026367187500,summary,摘要,8,YES,text,65535,text
content_data,cons_acticle,147561,0.223937988281,0.008361816406,0.026367187500,content,正文,9,YES,longtext,4294967295,longtext
content_data,cons_acticle,147561,0.223937988281,0.008361816406,0.026367187500,attachment,文章附件,10,YES,text,65535,text
hosec,hosec_htn_manage_prescription,132538,1.957031250000,0.025512695313,0.006835937500,prescription,处方内容,8,YES,text,65535,text
digitalize_exam,diexc_chat_record,117293,0.037673950195,0.030944824219,0.004882812500,content,消息内容,5,YES,text,65535,text
user_data,uses_identity_shapshot,99999,0.050384521484,0.004409790039,0.005859375000,info,快照信息	身份快照信息,5,YES,text,65535,text
research,cases_import_info_2,94606,0.742187500000,0.005386352539,0.004882812500,handler_code,处方单号code,5,YES,mediumtext,16777215,mediumtext
research,cases_import_info_2,94606,0.742187500000,0.005386352539,0.004882812500,product_name,药品名称,8,YES,mediumtext,16777215,mediumtext
research,cases_import_info_2,94606,0.742187500000,0.005386352539,0.004882812500,cases_info,病例json,10,YES,mediumtext,16777215,mediumtext
research,cases_import_info_2,94606,0.742187500000,0.005386352539,0.004882812500,message,备注,12,YES,mediumtext,16777215,mediumtext
hosec,hosec_chat_record,91427,0.028869628906,0.039794921875,0.005859375000,content,消息内容,5,YES,text,65535,text
disease_data,dids_disease_diagnostic_laboratory_check,90910,0.019088745117,0.009780883789,0.005859375000,context,实验室检查内容,4,YES,text,65535,text
disease_data,dids_disease_diagnostic_applicable_scope,89092,0.021057128906,0.009796142578,0.006835937500,body_part_code,部位编码,9,YES,varchar,2048,varchar(2048)
case_data,cass_case_standard,87712,0.135467529297,0.007843017578,0.005859375000,concomitant_diseases,伴发疾病,11,YES,text,65535,text
case_data,cass_case_standard,87712,0.135467529297,0.007843017578,0.005859375000,main_suit,主诉,13,YES,varchar,2048,varchar(2048)
case_data,cass_case_standard,87712,0.135467529297,0.007843017578,0.005859375000,history_of_present_illness,现病史,14,YES,text,65535,text
case_data,cass_case_standard,87712,0.135467529297,0.007843017578,0.005859375000,overall_inspection,综合检查,22,YES,text,65535,text
case_data,cass_case_standard,87712,0.135467529297,0.007843017578,0.005859375000,overall_inspection_describe,综合检查描述,23,YES,text,65535,text
case_data,cass_case_standard,87712,0.135467529297,0.007843017578,0.005859375000,diagnostic_thinking,诊断思路,27,YES,text,65535,text
case_data,cass_case_standard,87712,0.135467529297,0.007843017578,0.005859375000,medical_essentials,医学要点,28,YES,text,65535,text
case_data,cass_case_standard,87712,0.135467529297,0.007843017578,0.005859375000,medical_record_summary,病历摘要,29,YES,text,65535,text
case_data,cass_case_standard,87712,0.135467529297,0.007843017578,0.005859375000,medical_center,医学中心,30,YES,text,65535,text
case_data,cass_case_standard,87712,0.135467529297,0.007843017578,0.005859375000,health_checkup,体格检查,32,YES,varchar,2048,varchar(2048)
disease_data,dids_disease_diagnostic_reference_material,84079,0.025939941406,0.009796142578,0.003906250000,literature,文献编码，多个文献用逗号隔开,4,YES,text,65535,text
disease_data,dids_disease_diagnostic_reference_material,84079,0.025939941406,0.009796142578,0.003906250000,remark,备注信息,5,YES,text,65535,text
disease_data,dids_disease_diagnostic_treatment,79776,0.134414672852,0.009796142578,0.005859375000,treatment_principles,治疗原则,4,YES,mediumtext,16777215,mediumtext
disease_data,dids_disease_diagnostic_treatment,79776,0.134414672852,0.009796142578,0.005859375000,treatment_scheme,详细治疗方案,5,YES,mediumtext,16777215,mediumtext
disease_data,dids_disease_diagnostic_treatment,79776,0.134414672852,0.009796142578,0.005859375000,drug_name,药品名称,13,YES,text,65535,text
disease_data,dids_disease_diagnostic_imageology_check,67720,0.067001342773,0.007843017578,0.006835937500,check_result,检查结果,6,YES,text,65535,text
disease_data,dids_disease_diagnostic_imageology_check,67720,0.067001342773,0.007843017578,0.006835937500,image,图片编码，多个图片按逗号隔开,7,YES,text,65535,text
disease_data,dids_disease_diagnostic_imageology_check,67720,0.067001342773,0.007843017578,0.006835937500,property,划词,16,YES,text,65535,text
content_data,cons_case_science,61337,0.255767822266,0.003433227539,0.003906250000,case_json,病例数据json,5,YES,text,65535,text
content_data,cons_case_science,61337,0.255767822266,0.003433227539,0.003906250000,summary,摘要,20,YES,text,65535,text
content_data,cons_case_science,61337,0.255767822266,0.003433227539,0.003906250000,symptoms,主诉,21,YES,text,65535,text
content_data,cons_case_science,61337,0.255767822266,0.003433227539,0.003906250000,cover_image,封面图片,22,YES,text,65535,text
research,sample_template_version,54831,2.288635253906,0.008346557617,0.002929687500,content, 模板题目数据（JSON）,5,YES,mediumtext,16777215,mediumtext
disease_data,dids_disease_diagnostic_info,48828,0.468688964844,0.009796142578,0.004882812500,disease_definition,疾病定义,4,YES,text,65535,text
disease_data,dids_disease_diagnostic_info,48828,0.468688964844,0.009796142578,0.004882812500,pathogenesis,发病机制,5,YES,text,65535,text
disease_data,dids_disease_diagnostic_info,48828,0.468688964844,0.009796142578,0.004882812500,pathology,病理,6,YES,text,65535,text
disease_data,dids_disease_diagnostic_info,48828,0.468688964844,0.009796142578,0.004882812500,pathophysiology,病理生理,7,YES,text,65535,text
disease_data,dids_disease_diagnostic_info,48828,0.468688964844,0.009796142578,0.004882812500,other,补充内容,8,YES,text,65535,text
disease_data,dids_disease_diagnostic_info,48828,0.468688964844,0.009796142578,0.004882812500,diagnosis,诊断标准,9,YES,text,65535,text
disease_data,dids_disease_diagnostic_info,48828,0.468688964844,0.009796142578,0.004882812500,diagnostic_procedure, 诊断步骤,10,YES,text,65535,text
disease_data,dids_disease_diagnostic_info,48828,0.468688964844,0.009796142578,0.004882812500,disease_prognosis,疾病预后,11,YES,text,65535,text
disease_data,dids_disease_diagnostic_info,48828,0.468688964844,0.009796142578,0.004882812500,disease_prevention,疾病预防,12,YES,text,65535,text
disease_data,dids_disease_diagnostic_info,48828,0.468688964844,0.009796142578,0.004882812500,patient_guidance,患者指导,13,YES,text,65535,text
disease_data,dids_disease_diagnostic_info,48828,0.468688964844,0.009796142578,0.004882812500,precautions_target_detection,注意事项/控制目标检测,14,YES,text,65535,text
disease_data,dids_disease_diagnostic_info,48828,0.468688964844,0.009796142578,0.004882812500,medical_history_onset,病史或起病情况,15,YES,text,65535,text
disease_data,dids_disease_diagnostic_info,48828,0.468688964844,0.009796142578,0.004882812500,payload_data,附加信息,23,YES,text,65535,text
disease_data,dids_disease_diagnostic_diagnosis,47591,0.018112182617,0.005874633789,0.005859375000,context,描述,5,YES,text,65535,text
meta_data,mets_hospital_library,47462,0.010253906250,0.002456665039,0.003906250000,content,简介,29,YES,text,65535,text
user_data,uses_pharmacist_info,38336,0.156890869141,0.102478027344,0.257812500000,introduce,个人简介,18,YES,text,65535,text
user_data,uses_artificer_info,37474,0.009277343750,0.019149780273,0.083984375000,introduce,个人简介,18,YES,text,65535,text
content_data,cons_disease_popular_material,25600,0.062103271484,0.004882812500,0.006835937500,pathogenesis,发病机制,7,YES,text,65535,text
content_data,cons_disease_popular_material,25600,0.062103271484,0.004882812500,0.006835937500,prevention_method,预防方法,8,YES,text,65535,text
content_data,cons_disease_popular_material,25600,0.062103271484,0.004882812500,0.006835937500,audited_remark,审核备注,13,YES,varchar,2048,varchar(2048)
content_data,cons_disease_popular_material,25600,0.062103271484,0.004882812500,0.006835937500,symptoms_description,症状信息,18,YES,text,65535,text
content_data,cons_disease_popular_material,25600,0.062103271484,0.004882812500,0.006835937500,treatment,治疗方案,19,YES,mediumtext,16777215,mediumtext
content_data,cons_disease_popular_material,25600,0.062103271484,0.004882812500,0.006835937500,indicator_description,指标描述,21,YES,text,65535,text
content_data,cons_disease_popular_material,25600,0.062103271484,0.004882812500,0.006835937500,disease_definition,疾病定义,24,YES,text,65535,text
content_data,cons_disease_popular_material,25600,0.062103271484,0.004882812500,0.006835937500,treatment_department,就诊科室,25,YES,text,65535,text
content_data,cons_disease_popular_material,25600,0.062103271484,0.004882812500,0.006835937500,body_property,身体属性,29,YES,text,65535,text
content_data,cons_disease_popular_material,25600,0.062103271484,0.004882812500,0.006835937500,family_property,家庭属性,30,YES,text,65535,text
content_data,cons_disease_popular_material,25600,0.062103271484,0.004882812500,0.006835937500,life_property,生活环境属性,31,YES,text,65535,text
content_data,cons_disease_popular_material,25600,0.062103271484,0.004882812500,0.006835937500,daily_info,日常活动信息,32,YES,text,65535,text
content_data,cons_disease_popular_material,25600,0.062103271484,0.004882812500,0.006835937500,hobby_info,个人嗜好信息,33,YES,text,65535,text
content_data,cons_disease_popular_material,25600,0.062103271484,0.004882812500,0.006835937500,body_info,体征信息,34,YES,text,65535,text
content_data,cons_disease_popular_material,25600,0.062103271484,0.004882812500,0.006835937500,assist_info,辅助检查信息,35,YES,text,65535,text
content_data,cons_disease_popular_material,25600,0.062103271484,0.004882812500,0.006835937500,reference,参考内容,37,YES,text,65535,text
content_data,cons_disease_popular_material,25600,0.062103271484,0.004882812500,0.006835937500,tcm_define,定义,43,YES,text,65535,text
content_data,cons_disease_popular_material,25600,0.062103271484,0.004882812500,0.006835937500,tcm_disease_reason,病因,44,YES,text,65535,text
content_data,cons_disease_popular_material,25600,0.062103271484,0.004882812500,0.006835937500,diagnosis,诊断,45,YES,text,65535,text
content_data,cons_disease_popular_material,25600,0.062103271484,0.004882812500,0.006835937500,tcm_prevent,预防与调护,46,YES,text,65535,text
content_data,cons_disease_popular_material,25600,0.062103271484,0.004882812500,0.006835937500,tcm_treatment,辩证论治，数据直接保存，证型：syndrom，临床表现：performance,47,YES,text,65535,text
content_data,cons_disease_popular_material,25600,0.062103271484,0.004882812500,0.006835937500,checked_remark,复核备注（退回原因）,51,YES,text,65535,text
disease_data,dids_disease_examine,20097,0.004409790039,0.003936767578,0.003906250000,reason,原因,6,YES,text,65535,text
content_data,cons_news,19612,0.190078735352,0.002960205078,0.003906250000,picture,资讯图片,6,YES,text,65535,text
content_data,cons_news,19612,0.190078735352,0.002960205078,0.003906250000,content,"",13,YES,mediumtext,16777215,mediumtext
content_data,cons_news,19612,0.190078735352,0.002960205078,0.003906250000,source_path,来源链接,15,YES,text,65535,text
disease_data,dids_disease_diagnostic_speciality_check,18379,0.018112182617,0.003936767578,0.003906250000,diagnostic_opinion,检查结果,5,YES,text,65535,text
disease_data,dids_disease_diagnostic_speciality_check,18379,0.018112182617,0.003936767578,0.003906250000,property,划词,14,YES,text,65535,text
product_data,pros_medicinal_approach,17093,0.004409790039,0.000000000000,0.003906250000,pregnant_breastfeeding,孕妇及哺乳妇女用药,4,YES,text,65535,text
product_data,pros_medicinal_approach,17093,0.004409790039,0.000000000000,0.003906250000,children,儿童用药,5,YES,text,65535,text
product_data,pros_medicinal_approach,17093,0.004409790039,0.000000000000,0.003906250000,elderly,老人用药,6,YES,text,65535,text
product_data,pros_medicinal_approach,17093,0.004409790039,0.000000000000,0.003906250000,caution_disease,慎用疾病,13,YES,text,65535,text
product_data,pros_medicinal_approach,17093,0.004409790039,0.000000000000,0.003906250000,features,性状：药材的特征,14,YES,text,65535,text
product_data,pros_medicinal_approach,17093,0.004409790039,0.000000000000,0.003906250000,identification,鉴别：如何分辨药材,15,YES,text,65535,text
product_data,pros_medicinal_approach,17093,0.004409790039,0.000000000000,0.003906250000,create_method,炮制,16,YES,text,65535,text
product_data,pros_medicinal_approach,17093,0.004409790039,0.000000000000,0.003906250000,nature_and_flavour,性味：药物的性质和气味,17,YES,text,65535,text
product_data,pros_medicinal_approach,17093,0.004409790039,0.000000000000,0.003906250000,storage_method,贮藏,21,YES,text,65535,text
disease_data,disease_surveillance_spec,15145,0.430435180664,0.037460327148,0.004882812500,disease_surveillance_spec,"",5,YES,mediumtext,16777215,mediumtext
disease_data,disease_surveillance_spec,15145,0.430435180664,0.037460327148,0.004882812500,json_disease_surveillance_spec,JSON格式的诊断标准,6,YES,text,65535,text
disease_data,disease_surveillance_spec,15145,0.430435180664,0.037460327148,0.004882812500,source,标准来源出处，如文献、指南等,7,YES,varchar,2048,varchar(2048)
disease_data,disease_surveillance_spec,15145,0.430435180664,0.037460327148,0.004882812500,suggestion,"",24,YES,varchar,2048,varchar(2048)
disease_data,disease_surveillance_spec,15145,0.430435180664,0.037460327148,0.004882812500,remark,备注,27,YES,text,65535,text
disease_data,disease_surveillance_spec,15145,0.430435180664,0.037460327148,0.004882812500,combos,亚型,52,YES,mediumtext,16777215,mediumtext
disease_data,disease_surveillance_spec,15145,0.430435180664,0.037460327148,0.004882812500,reference,参考内容,53,YES,text,65535,text
disease_data,disease_surveillance_spec,15145,0.430435180664,0.037460327148,0.004882812500,json_disease_surveillance_spec_v2,三层诊断规则的JSON格式,54,YES,text,65535,text
disease_data,disease_surveillance_spec,15145,0.430435180664,0.037460327148,0.004882812500,deleted_rules,已删除的诊断规则,55,YES,text,65535,text
disease_data,disease_surveillance_spec,15145,0.430435180664,0.037460327148,0.004882812500,confirmed_rules,已确定的诊断规则,56,YES,mediumtext,16777215,mediumtext
product_data,pros_medicinal_info,14987,0.026916503906,0.000000000000,0.004882812500,main_components,主要成分,4,YES,text,65535,text
product_data,pros_medicinal_info,14987,0.026916503906,0.000000000000,0.004882812500,main_treat_function,功能主治,5,YES,text,65535,text
product_data,pros_medicinal_info,14987,0.026916503906,0.000000000000,0.004882812500,toxicology,药理作用,7,YES,text,65535,text
product_data,pros_medicinal_info,14987,0.026916503906,0.000000000000,0.004882812500,function_feature,作用特点,8,YES,text,65535,text
product_data,pros_medicinal_info,14987,0.026916503906,0.000000000000,0.004882812500,indication,主治疾病,9,YES,text,65535,text
product_data,pros_medicinal_info,14987,0.026916503906,0.000000000000,0.004882812500,contraindication,禁忌症,10,YES,text,65535,text
product_data,pros_medicinal_info,14987,0.026916503906,0.000000000000,0.004882812500,adverse_reactions,不良反应,11,YES,text,65535,text
product_data,pros_medicinal_info,14987,0.026916503906,0.000000000000,0.004882812500,attention,注意事项,12,YES,text,65535,text
product_data,pros_medicinal_info,14987,0.026916503906,0.000000000000,0.004882812500,medicine_interactions,药物相互作用,13,YES,text,65535,text
conference,cfes_participant_log,14952,0.004409790039,0.002960205078,0.003906250000,extend_infos,扩展报名信息,10,YES,text,65535,text
disease_data,dids_disease_diagnostic_factor,14791,0.008316040039,0.003936767578,0.003906250000,disease_sub,亚型列表,21,YES,text,65535,text
questionnaire,ques_answer,13405,0.002059936523,0.002639770508,0.003906250000,analysis,题目答案解析,6,YES,text,65535,text
questionnaire,ques_question_relation,12861,0.003128051758,0.002227783203,0.003906250000,option_score,题目选项所对应的分数（json字符串）,9,YES,text,65535,text
user_data,uses_medical_liaison_info,12667,0.002456665039,0.001480102539,0.003906250000,hospital,关联医院 与医院库医院进行关联,10,YES,varchar,2000,varchar(2000)
algorithm,algorithm_invoke_log,12413,0.052307128906,0.000000000000,0.006835937500,invoke_out_param,调用结果,6,YES,text,65535,text
disease_data,dids_disease_diagnostic_pathology_check,12331,0.022033691406,0.001983642578,0.005859375000,diagnostic_opinion,检查结果,6,YES,text,65535,text
disease_data,dids_disease_diagnostic_pathology_check,12331,0.022033691406,0.001983642578,0.005859375000,image,图片编码，多张图片用逗号隔开,7,YES,text,65535,text
disease_data,dids_disease_diagnostic_pathology_check,12331,0.022033691406,0.001983642578,0.005859375000,property,划词,16,YES,text,65535,text
questionnaire,ques_question,12216,0.002090454102,0.002593994141,0.003906250000,extends_info,题目类型扩展字段,12,YES,text,65535,text
disease_data,dids_disease_diagnostic_factor_rule,11774,4.445846557617,0.001983642578,0.003906250000,info,规则信息,5,YES,longtext,4294967295,longtext
content_data,cons_popular_science,11645,0.089431762695,0.001922607422,0.006835937500,cover,封面图片对象编码,7,YES,text,65535,text
content_data,cons_popular_science,11645,0.089431762695,0.001922607422,0.006835937500,content,正文,11,YES,text,65535,text
case_data,cass_case_medical_technology_inspection_report,10755,0.003433227539,0.001480102539,0.003906250000,img,图像或调查报告，多个文件编码通过逗号隔开,9,YES,text,65535,text
case_data,cass_case_medical_technology_inspection_report,10755,0.003433227539,0.001480102539,0.003906250000,img_des,报告描述,10,YES,text,65535,text
case_data,cass_case_medical_technology_inspection_report,10755,0.003433227539,0.001480102539,0.003906250000,ext,其余检查项，通过json存储,11,YES,text,65535,text
disease_data,dids_disease_operation_log,10532,0.003433227539,0.000000000000,0.003906250000,operation_content,操作内容,5,YES,text,65535,text
disease_data,dids_disease_diagnostic_other_check,9503,0.007339477539,0.001831054688,0.003906250000,diagnostic_opinion,检查结果,5,YES,text,65535,text
disease_data,dids_disease_diagnostic_other_check,9503,0.007339477539,0.001831054688,0.003906250000,property,划词,14,YES,text,65535,text
basic_data,bass_inspection_element,9300,0.003433227539,0.000228881836,0.003906250000,constraint_values,"",8,YES,varchar,2048,varchar(2048)
basic_data,bass_inspection_element,9300,0.003433227539,0.000228881836,0.003906250000,ui_meta_data,UI展示信息,10,YES,text,65535,text
basic_data,bass_inspection_element,9300,0.003433227539,0.000228881836,0.003906250000,normal_value_spec,正常值范围描述,12,YES,varchar,4096,varchar(4096)
basic_data,bass_inspection_element,9300,0.003433227539,0.000228881836,0.003906250000,meaning,指标意义,16,YES,text,65535,text
org_data,orgs_organization_info,8134,0.007339477539,0.001480102539,0.003906250000,introduce,"",5,YES,text,65535,text
org_data,orgs_organization_info,8134,0.007339477539,0.001480102539,0.003906250000,work_direction_code,工作方向编码,15,YES,text,65535,text
org_data,orgs_organization_info,8134,0.007339477539,0.001480102539,0.003906250000,admin_roles,管理员角色 多个用逗号分隔,16,YES,varchar,2048,varchar(2048)
case_data,cass_case_standard_treatment_method,7720,0.002456665039,0.000427246094,0.003906250000,tcm_info,中药药材信息,13,YES,mediumtext,16777215,mediumtext
research,sample_template,7569,0.002456665039,0.000350952148,0.003906250000,description,模板描述,7,YES,text,65535,text
research,sample_template,7569,0.002456665039,0.000350952148,0.003906250000,content,模板内容,16,YES,text,65535,text
digitalize_exam,diexc_examination_result,7466,0.011245727539,0.003219604492,0.003906250000,result,评估结果,6,YES,text,65535,text
research,project_content,7221,0.002456665039,0.000457763672,0.003906250000,project_introduce,课题介绍,4,YES,text,65535,text
research,project_content,7221,0.002456665039,0.000457763672,0.003906250000,comment,备注,8,YES,text,65535,text
research,project_content,7221,0.002456665039,0.000457763672,0.003906250000,relevant_qualifications,相关资质,16,YES,text,65535,text
research,project,7067,0.002456665039,0.000411987305,0.003906250000,supplier_code,课题负责放(数据服务商;负责代机构提交样本),13,YES,text,65535,text
research,project,7067,0.002456665039,0.000411987305,0.003906250000,supplier_name,供应商名称,16,YES,text,65535,text
content_data,cons_video,6577,0.007247924805,0.000503540039,0.010742187500,introduction,视频简介,10,YES,text,65535,text
content_data,cons_video,6577,0.007247924805,0.000503540039,0.010742187500,title_page,视频封面,11,YES,text,65535,text
content_data,cons_video,6577,0.007247924805,0.000503540039,0.010742187500,file,视频文件,13,YES,text,65535,text
case_data,cass_case_medical_technology,6454,0.033752441406,0.001480102539,0.003906250000,conclusion,报告描述,12,YES,text,65535,text
case_data,cass_case_medical_technology,6454,0.033752441406,0.001480102539,0.003906250000,symptoms,主诉与现病史,20,YES,text,65535,text
case_data,cass_case_medical_technology,6454,0.033752441406,0.001480102539,0.003906250000,doubt,疑点问题,22,YES,text,65535,text
case_data,cass_case_medical_technology,6454,0.033752441406,0.001480102539,0.003906250000,doubt_attachments,疑点图片,23,YES,text,65535,text
case_data,cass_case_medical_technology,6454,0.033752441406,0.001480102539,0.003906250000,description,病情描述,31,YES,text,65535,text
disease_data,dids_disease_diagnostic_case_validation,6086,0.070861816406,0.001907348633,0.005859375000,file,文件编码，多个文件用逗号隔开,6,YES,text,65535,text
case_data,cass_case_mb_answer,5824,0.001480102539,0.001007080078,0.004882812500,info,治疗信息,5,YES,text,65535,text
live_video,lvs_live_video_info,3818,0.011215209961,0.000778198242,0.003906250000,description,简介,9,NO,mediumtext,16777215,mediumtext
live_video,lvs_live_video_info,3818,0.011215209961,0.000778198242,0.003906250000,external_watch_url,第三方直播观看地址,10,YES,text,65535,text
live_video,lvs_live_video_info,3818,0.011215209961,0.000778198242,0.003906250000,guests,嘉宾列表,24,YES,text,65535,text
live_video,lvs_live_video_info,3818,0.011215209961,0.000778198242,0.003906250000,banner_img_url,banner配置图片,28,YES,text,65535,text
live_video,lvs_live_video_info,3818,0.011215209961,0.000778198242,0.003906250000,banner_redirect_url,图片跳转地址,32,YES,text,65535,text
live_video,lvs_live_video_info,3818,0.011215209961,0.000778198242,0.003906250000,branch_info,分中心信息,38,YES,text,65535,text
live_video,lvs_live_video_info,3818,0.011215209961,0.000778198242,0.003906250000,tags,直播标签,42,YES,text,65535,text
content,cons_floor,3726,0.002456665039,0.000152587891,0.003906250000,floor_config,楼层配置,5,YES,text,65535,text
live_video,lvs_live_video,3666,0.001052856445,0.000274658203,0.003906250000,play_stream,播流地址,5,NO,text,65535,text
live_video,lvs_live_video,3666,0.001052856445,0.000274658203,0.003906250000,bak_play_stream,直播备用播流地址,6,YES,text,65535,text
conference,cfes_conference_config,3404,0.001480102539,0.000228881836,0.003906250000,startup_homepage,会议启动页设置,8,YES,text,65535,text
conference,cfes_conference_config,3404,0.001480102539,0.000228881836,0.003906250000,pre_meeting_video,会前视频,9,YES,text,65535,text
conference,cfes_conference_config,3404,0.001480102539,0.000228881836,0.003906250000,display_areas,展示位配置,10,YES,text,65535,text
conference,cfes_conference_config,3404,0.001480102539,0.000228881836,0.003906250000,poster,会议预告海报,11,YES,text,65535,text
conference,cfes_conference_config,3404,0.001480102539,0.000228881836,0.003906250000,cover,会议封面,12,YES,text,65535,text
conference,cfes_conference_config,3404,0.001480102539,0.000228881836,0.003906250000,cover_end,会议结束封面,13,YES,text,65535,text
conference,cfes_conference_config,3404,0.001480102539,0.000228881836,0.003906250000,share_img,分享图片,14,YES,text,65535,text
conference,cfes_conference_config,3404,0.001480102539,0.000228881836,0.003906250000,homepage,主页,15,YES,text,65535,text
conference,cfes_conference_config,3404,0.001480102539,0.000228881836,0.003906250000,resource,会议资料,16,YES,text,65535,text
conference,cfes_conference_config,3404,0.001480102539,0.000228881836,0.003906250000,message_area,留言区,17,YES,text,65535,text
conference,cfes_conference_config,3404,0.001480102539,0.000228881836,0.003906250000,cloud_booth,云展台,18,YES,text,65535,text
conference,cfes_conference_config,3404,0.001480102539,0.000228881836,0.003906250000,advertising_space,广告位,19,YES,text,65535,text
conference,cfes_conference_config,3404,0.001480102539,0.000228881836,0.003906250000,floating_window,浮窗,20,YES,text,65535,text
conference,cfes_conference,3203,0.001480102539,0.000457763672,0.003906250000,description,描述,9,YES,text,65535,text
conference,cfes_conference,3203,0.001480102539,0.000457763672,0.003906250000,main_speakers,主讲人,10,YES,text,65535,text
org_data,orgs_education_center_info,3074,0.003433227539,0.000137329102,0.007812500000,info,中心描述,9,YES,text,65535,text
disease_data,operation_factor,2672,0.029846191406,0.000000000000,0.004882812500,operation_alias,手术别名,7,YES,text,65535,text
disease_data,operation_factor,2672,0.029846191406,0.000000000000,0.004882812500,disease_names,适应诊断(疾病名),8,YES,text,65535,text
disease_data,operation_factor,2672,0.029846191406,0.000000000000,0.004882812500,user_group,适用人群,9,YES,text,65535,text
disease_data,operation_factor,2672,0.029846191406,0.000000000000,0.004882812500,symptom,适应症,10,YES,text,65535,text
disease_data,operation_factor,2672,0.029846191406,0.000000000000,0.004882812500,contraindication,禁忌症,11,YES,text,65535,text
disease_data,operation_factor,2672,0.029846191406,0.000000000000,0.004882812500,preoperative_medication,术前用药,12,YES,text,65535,text
disease_data,operation_factor,2672,0.029846191406,0.000000000000,0.004882812500,preoperative_preparation,术前准备,13,YES,text,65535,text
disease_data,operation_factor,2672,0.029846191406,0.000000000000,0.004882812500,anesthesia_methods,麻醉方法,14,YES,text,65535,text
disease_data,operation_factor,2672,0.029846191406,0.000000000000,0.004882812500,operation_instruments,手术器械,15,YES,text,65535,text
disease_data,operation_factor,2672,0.029846191406,0.000000000000,0.004882812500,operation_material,手术耗材,16,YES,text,65535,text
disease_data,operation_factor,2672,0.029846191406,0.000000000000,0.004882812500,special_equipment,特需设备,17,YES,text,65535,text
disease_data,operation_factor,2672,0.029846191406,0.000000000000,0.004882812500,operation_steps,操作步骤,18,YES,text,65535,text
disease_data,operation_factor,2672,0.029846191406,0.000000000000,0.004882812500,intraoperative_attention_matter,术中注意事项,19,YES,text,65535,text
disease_data,operation_factor,2672,0.029846191406,0.000000000000,0.004882812500,postoperative_medication,术后用药,20,YES,text,65535,text
disease_data,operation_factor,2672,0.029846191406,0.000000000000,0.004882812500,postoperative_attention_matter,术后注意事项,21,YES,text,65535,text
disease_data,operation_factor,2672,0.029846191406,0.000000000000,0.004882812500,follow_up_attention_matter,随访注意事项,22,YES,text,65535,text
disease_data,operation_factor,2672,0.029846191406,0.000000000000,0.004882812500,adverse_reaction_prevention,不良反应预防,23,YES,text,65535,text
disease_data,operation_factor,2672,0.029846191406,0.000000000000,0.004882812500,medical_plan_point,医学方案要点,24,YES,text,65535,text
disease_data,operation_factor,2672,0.029846191406,0.000000000000,0.004882812500,remark,备注,28,YES,text,65535,text
disease_data,operation_factor,2672,0.029846191406,0.000000000000,0.004882812500,disease_typing,疾病分型,44,YES,text,65535,text
disease_data,operation_factor,2672,0.029846191406,0.000000000000,0.004882812500,reference_material,参考资料,45,YES,text,65535,text
disease_data,operation_factor,2672,0.029846191406,0.000000000000,0.004882812500,preoperative_routine_examination,术前常规检查,47,YES,text,65535,text
live_video,lvs_video,2159,0.006362915039,0.000564575195,0.005859375000,description,视频描述,4,NO,text,65535,text
live_video,lvs_video,2159,0.006362915039,0.000564575195,0.005859375000,tags,视频标签,27,YES,text,65535,text
case_data,cass_case_western_medicine_treatment_method,1966,0.000411987305,0.000122070313,0.000000000000,tcm_info,中药药材信息,13,YES,mediumtext,16777215,mediumtext
digitalize_exam,diexc_phy_exam_report_instance,1780,0.000473022461,0.000320434570,0.003906250000,attachments,体检报告相关附件,6,YES,text,65535,text
disease_data,dids_disease_chinese_medical_symptom,1620,0.000152587891,0.000061035156,0.000000000000,symptom_description,症状描述(病机),4,YES,text,65535,text
basic_data,bass_medical_examination,1249,0.001480102539,0.000045776367,0.002929687500,description,介绍,6,YES,mediumtext,16777215,mediumtext
basic_data,bass_medical_examination,1249,0.001480102539,0.000045776367,0.002929687500,clinical_significance,临床意义,8,YES,mediumtext,16777215,mediumtext
basic_data,bass_medical_examination,1249,0.001480102539,0.000045776367,0.002929687500,caution,注意事项,9,YES,mediumtext,16777215,mediumtext
basic_data,bass_medical_examination,1249,0.001480102539,0.000045776367,0.002929687500,related_diseases,相关疾病,10,YES,varchar,2048,varchar(2048)
cuss,user_feedback,1249,0.001480102539,0.000061035156,0.003906250000,content,反馈内容,3,YES,text,65535,text
cuss,user_feedback,1249,0.001480102539,0.000061035156,0.003906250000,reply,回复内容（json字符串，包括回复内容和恢复时间）,12,YES,mediumtext,16777215,mediumtext
disease_data,dids_factor_info,1224,0.003433227539,0.000000000000,0.003906250000,info,因子内容json字符串,6,YES,mediumtext,16777215,mediumtext
case_data,cass_case_answer_treatment_method,1174,0.000228881836,0.000091552734,0.000000000000,tcm_info,中药药材信息,14,YES,text,65535,text
case_data,cass_case_answer_treatment_method,1174,0.000228881836,0.000091552734,0.000000000000,detail,详细说明,18,YES,text,65535,text
export,exps_task_log,932,0.000213623047,0.000061035156,0.000000000000,content,失败/成功信息,5,YES,text,65535,text
live_video,lvs_question,835,0.000244140625,0.000091552734,0.000000000000,question_content,问题内容,3,YES,text,65535,text
hosec,hosec_examination_result,819,0.006362915039,0.000289916992,0.003906250000,result,评估结果,6,YES,text,65535,text
research,project_report_management,693,0.007339477539,0.000045776367,0.003906250000,report_template_link,报告模板链接,11,YES,text,65535,text
research,project_report_management,693,0.007339477539,0.000045776367,0.003906250000,link,下载报告链接,13,YES,text,65535,text
research,project_report_management,693,0.007339477539,0.000045776367,0.003906250000,remark,"",14,YES,longtext,4294967295,longtext
cuss,issues,677,0.000137329102,0.000137329102,0.000000000000,content,内容,7,YES,text,65535,text
cuss,issues,677,0.000137329102,0.000137329102,0.000000000000,attachments,附件,8,YES,text,65535,text
inquiry,inquc_action_record,674,0.000137329102,0.000045776367,0.000000000000,comment,评论内容,8,YES,text,65535,text
message_data,mess_public_announcement,673,0.011245727539,0.000015258789,0.003906250000,announcement_content,公告内容,11,NO,text,65535,text
org_data,orgs_org_shapshot,617,0.001480102539,0.000015258789,0.003906250000,info,组织信息记录,4,YES,text,65535,text
hosec,hosec_hospital_apply_record,480,0.000152587891,0.000000000000,0.000000000000,belong_org,所属机构,9,YES,varchar,2048,varchar(2048)
hosec,hosec_hospital_apply_record,480,0.000152587891,0.000000000000,0.000000000000,reason,驳回原因,28,YES,mediumtext,16777215,mediumtext
content_data,cons_courseware,456,0.000137329102,0.000015258789,0.000000000000,introduction,课件简介,6,YES,longtext,4294967295,longtext
content_data,cons_courseware,456,0.000137329102,0.000015258789,0.000000000000,title_page,课件封面,7,YES,text,65535,text
content_data,cons_courseware,456,0.000137329102,0.000015258789,0.000000000000,attachment,课件附件,10,YES,text,65535,text
recommend,recs_rule,279,0.000076293945,0.000015258789,0.000000000000,info,规则信息,4,YES,json,,json
case_data,cass_case_history_medical_consult,265,0.000411987305,0.000015258789,0.003906250000,description,病情描述,10,YES,text,65535,text
case_data,cass_case_history_medical_consult,265,0.000411987305,0.000015258789,0.003906250000,doctor_answer,医生解答,11,YES,text,65535,text
case_data,cass_case_history_medical_consult,265,0.000411987305,0.000015258789,0.003906250000,mb_answer,MB解答,12,YES,text,65535,text
case_data,cass_case_history_medical_consult,265,0.000411987305,0.000015258789,0.003906250000,inspection_report,检查报告，多个逗号分割,13,YES,varchar,2048,varchar(2048)
case_data,cass_case_history_medical_consult,265,0.000411987305,0.000015258789,0.003906250000,other_report,其他资料，多个逗号分割,14,YES,varchar,2048,varchar(2048)
case_data,cass_case_history_medical_consult,265,0.000411987305,0.000015258789,0.003906250000,inpatient_record,住院病历，多个逗号分割,15,YES,varchar,2048,varchar(2048)
case_data,cass_case_history_medical_consult,265,0.000411987305,0.000015258789,0.003906250000,desensitize_img_mapping,原图和脱敏图的映射,27,YES,varchar,2048,varchar(2048)
case_data,cass_case_standard_other_inspection_item,250,0.000076293945,0.000015258789,0.000000000000,inspection_item,检查项,4,YES,text,65535,text
credit,credit_task,204,0.000076293945,0.000015258789,0.000000000000,task_detail,任务明细,5,NO,varchar,2000,varchar(2000)
content_data,cons_album,198,0.000122070313,0.000015258789,0.000000000000,title_page,专辑封面,6,YES,text,65535,text
content_data,cons_album,198,0.000122070313,0.000015258789,0.000000000000,introduction,专辑简介,7,YES,text,65535,text
content_data,cons_second_review,197,0.000076293945,0.000030517578,0.000000000000,content,评论内容,9,YES,text,65535,text
case_data,cass_case_medical_nurse_inspection_report,191,0.000076293945,0.000015258789,0.000000000000,img_des,报告描述,10,YES,text,65535,text
case_data,cass_case_medical_nurse_inspection_report,191,0.000076293945,0.000015258789,0.000000000000,ext,其余检查项，通过json存储,11,YES,text,65535,text
product_data,pros_movement_lib,180,0.000015258789,0.000015258789,0.000000000000,movement_desc,动作描述,9,YES,text,65535,text
product_data,pros_movement_lib,180,0.000015258789,0.000015258789,0.000000000000,precautions,注意事项,10,YES,text,65535,text
product_data,pros_movement_lib,180,0.000015258789,0.000015258789,0.000000000000,content,内容,12,YES,text,65535,text
case_data,cass_case_history_health_counseling,175,0.000061035156,0.000015258789,0.000000000000,counseling,健康咨询,10,YES,text,65535,text
case_data,cass_case_history_health_counseling,175,0.000061035156,0.000015258789,0.000000000000,assistance,需要医生提供的帮助,12,YES,text,65535,text
case_data,cass_case_history_health_counseling,175,0.000061035156,0.000015258789,0.000000000000,doctor_answer,医生解答,13,YES,text,65535,text
case_data,cass_case_history_health_counseling,175,0.000061035156,0.000015258789,0.000000000000,supplementary_content,补充内容,23,YES,text,65535,text
conference,cfes_conference_change_log,172,0.002456665039,0.000030517578,0.003906250000,old_value,旧数据,5,YES,text,65535,text
conference,cfes_conference_change_log,172,0.002456665039,0.000030517578,0.003906250000,new_value,新数据,6,YES,text,65535,text
user_data,uses_teacher_info,160,0.000091552734,0.000030517578,0.000000000000,introduce,个人简介,9,YES,text,65535,text
hosec,hosec_psychic_questionnaire_survey_question,143,0.000076293945,0.000000000000,0.000000000000,matched_questionnaire,匹配的问卷,6,YES,text,65535,text
confs_data,confs_dict,129,0.000061035156,0.000030517578,0.000000000000,value,配置值,4,YES,text,65535,text
case_data,cass_case_history_offline,110,0.000091552734,0.000015258789,0.000000000000,symptoms,主诉,6,YES,text,65535,text
case_data,cass_case_history_offline,110,0.000091552734,0.000015258789,0.000000000000,history_of_present_illness,现病史,7,YES,text,65535,text
case_data,cass_case_history_offline,110,0.000091552734,0.000015258789,0.000000000000,past_history,既往史,8,YES,text,65535,text
case_data,cass_case_history_offline,110,0.000091552734,0.000015258789,0.000000000000,personal_history,个人史,9,YES,text,65535,text
case_data,cass_case_history_offline,110,0.000091552734,0.000015258789,0.000000000000,marriage_history,婚姻史,10,YES,text,65535,text
case_data,cass_case_history_offline,110,0.000091552734,0.000015258789,0.000000000000,menstruation_childbearing_history,月经史，生育史,11,YES,text,65535,text
case_data,cass_case_history_offline,110,0.000091552734,0.000015258789,0.000000000000,family_history,家族史,12,YES,text,65535,text
case_data,cass_case_history_offline,110,0.000091552734,0.000015258789,0.000000000000,health_checkup,体格检查,13,YES,text,65535,text
case_data,cass_case_history_offline,110,0.000091552734,0.000015258789,0.000000000000,auxiliary_examination,辅助检查,14,YES,text,65535,text
case_data,cass_case_history_offline,110,0.000091552734,0.000015258789,0.000000000000,diagnose,诊断,17,YES,text,65535,text
case_data,cass_case_history_offline,110,0.000091552734,0.000015258789,0.000000000000,treatment_plan,诊疗计划,18,YES,text,65535,text
hosec,hosec_content_push_record,98,0.000045776367,0.000030517578,0.000000000000,content_codes,推送的内容codes，数组,5,YES,text,65535,text
hosec,hosec_content_push_record,98,0.000045776367,0.000030517578,0.000000000000,description,说明,6,YES,text,65535,text
meta_data,mets_medical_subject,95,0.000167846680,0.000030517578,0.000000000000,desc,学科描述,6,YES,varchar,4096,varchar(4096)
org_data,orgs_academication_team_info,95,0.000045776367,0.000030517578,0.000000000000,service_project_json,服务项目json信息,13,YES,text,65535,text
org_data,orgs_academication_team_info,95,0.000045776367,0.000030517578,0.000000000000,expert_roles,领衔专家角色,14,YES,varchar,2048,varchar(2048)
org_data,orgs_re_education_base_info,93,0.000183105469,0.000015258789,0.000000000000,online_follow_up,在线复诊,17,YES,text,65535,text
org_data,orgs_re_education_base_info,93,0.000183105469,0.000015258789,0.000000000000,reservation_medical_examination,健康咨询,18,YES,text,65535,text
org_data,orgs_re_education_base_info,93,0.000183105469,0.000015258789,0.000000000000,registration_consultation,挂号咨询,19,YES,text,65535,text
content,cons_ad_rule,88,0.000061035156,0.000000000000,0.000000000000,provinces,投放省份（字符串json数组）,4,YES,text,65535,text
content,cons_ad_rule,88,0.000061035156,0.000000000000,0.000000000000,subjects,投放学科（字符串json数组）,5,YES,text,65535,text
hosec,hosec_record_snapshot,86,0.000015258789,0.000000000000,0.000000000000,reason,原因描述,5,YES,text,65535,text
case_data,cass_case_history_medical_consult_mb_answer,83,0.000152587891,0.000030517578,0.000000000000,treat_principle,治疗原则,8,YES,text,65535,text
case_data,cass_case_history_medical_consult_mb_answer,83,0.000152587891,0.000030517578,0.000000000000,auxiliary_inspect,辅助检查,9,YES,text,65535,text
case_data,cass_case_history_medical_consult_mb_answer,83,0.000152587891,0.000030517578,0.000000000000,disease_science,疾病科普,10,YES,text,65535,text
case_data,cass_case_history_medical_consult_mb_answer,83,0.000152587891,0.000030517578,0.000000000000,attention,注意事项,11,YES,text,65535,text
auth,auts_role,73,0.000015258789,0.000015258789,0.000000000000,remark,备注,12,YES,varchar,2000,varchar(2000)
shop,shop_sku,73,0.000091552734,0.000000000000,0.000000000000,sku_detail_image_url,详情图片地址(后因产品需求改为文本),6,YES,text,65535,text
content,re_education_base,68,0.001480102539,0.000015258789,0.002929687500,content,"",4,NO,mediumtext,16777215,mediumtext
content_data,cons_clinical_guidelines,66,0.000091552734,0.000015258789,0.000000000000,content,正文,7,YES,text,65535,text
research,sample_template_report_template,65,0.000045776367,0.000015258789,0.000000000000,template_url,模板url,4,YES,text,65535,text
content_data,cons_treaty,58,0.001480102539,0.000015258789,0.003906250000,content,协议正文,5,YES,longtext,4294967295,longtext
message_data,mess_template,58,0.000045776367,0.000030517578,0.000000000000,content,内容,13,NO,text,65535,text
case_data,cass_case_append,56,0.000045776367,0.000015258789,0.000000000000,info,病情信息描述,4,YES,text,65535,text
case_data,cass_case_append,56,0.000045776367,0.000015258789,0.000000000000,report,检查报告,5,YES,text,65535,text
case_data,cass_case_append,56,0.000045776367,0.000015258789,0.000000000000,report_info,检查报告说明,6,YES,text,65535,text
cuss,frequently_asked_question,50,0.004409790039,0.000015258789,0.004882812500,content,内容,7,YES,mediumtext,16777215,mediumtext
cuss,frequently_asked_question,50,0.004409790039,0.000015258789,0.004882812500,reply,回复内容,11,YES,mediumtext,16777215,mediumtext
user_data,uses_oka_user_info,43,0.000015258789,0.000000000000,0.000000000000,info,用户信息json字符串,5,YES,mediumtext,16777215,mediumtext
recommend,recs_theme,31,0.000015258789,0.000015258789,0.000000000000,info,主题信息,5,YES,json,,json
org_data,orgs_work_direction,29,0.000015258789,0.000015258789,0.000000000000,role_code,角色编码,5,YES,text,65535,text
org_data,orgs_contract_plan,26,0.000015258789,0.000015258789,0.000000000000,attachment,合同附件,9,YES,text,65535,text
case_data,cass_case_pharmacy_treatment_method,23,0.000015258789,0.000015258789,0.000000000000,detail,详细说明,14,YES,text,65535,text
case_data,cass_case_pharmacy_treatment_method,23,0.000015258789,0.000015258789,0.000000000000,tcm_info,中药药材信息,24,YES,text,65535,text
cuss,resource_complaint_record,18,0.000015258789,0.000030517578,0.000000000000,complaint_content,举报内容,7,YES,text,65535,text
research,feedback_form,18,0.000015258789,0.000015258789,0.000000000000,feedback,"",4,YES,text,65535,text
case_data,cass_case_pharmacy,15,0.000015258789,0.000015258789,0.000000000000,symptom,症状及描述信息，包含编码，名称和描述,17,YES,text,65535,text
case_data,cass_case_health_management,12,0.000015258789,0.000015258789,0.000000000000,dietary_advice,膳食建议,27,YES,text,65535,text
case_data,cass_case_health_management,12,0.000015258789,0.000015258789,0.000000000000,exercise_advice,身体活动建议,28,YES,text,65535,text
case_data,cass_case_health_management,12,0.000015258789,0.000015258789,0.000000000000,other_advice,其他建议,29,YES,text,65535,text
case_data,cass_case_health_management,12,0.000015258789,0.000015258789,0.000000000000,doubt,疑点问题，多个问题使用逗号隔开,30,YES,text,65535,text
content,cons_ad,12,0.000015258789,0.000015258789,0.000000000000,subject,投放指定学科,10,YES,text,65535,text
content,cons_ad,12,0.000015258789,0.000015258789,0.000000000000,material_content,素材内容：图片url/视频code,12,YES,text,65535,text
content,cons_ad,12,0.000015258789,0.000015258789,0.000000000000,jump_content,跳转内容：链接/图文,14,YES,text,65535,text
case_data,cass_case_traditional_medicine_clinical_practice,11,0.000015258789,0.000015258789,0.000000000000,traditional_medicine_diagnosis,中医诊断，多个疾病以逗号隔开,15,YES,text,65535,text
case_data,cass_case_pharmacy_inspection_report,9,0.000015258789,0.000015258789,0.000000000000,img_des,报告描述,10,YES,text,65535,text
case_data,cass_case_pharmacy_inspection_report,9,0.000015258789,0.000015258789,0.000000000000,ext,其余检查项，通过json存储,11,YES,text,65535,text
case_data,cass_case_traditional_medicine_inspection_result,9,0.000015258789,0.000015258789,0.000000000000,desc,报告描述,6,YES,text,65535,text
org_data,orgs_dept_shapshot,9,0.000015258789,0.000000000000,0.000000000000,info,部门信息记录,3,YES,text,65535,text
disease_data,dids_factor_project_template,6,0.000015258789,0.000000000000,0.000000000000,reason,退回原因,17,YES,text,65535,text
case_data,cass_case_mb_answer_accepted,5,0.000015258789,0.000015258789,0.000000000000,info,治疗信息,4,YES,text,65535,text
message_data,mess_push,5,0.000015258789,0.000030517578,0.000000000000,content,正文内容,13,YES,text,65535,text
message_data,mess_push,5,0.000015258789,0.000030517578,0.000000000000,target_json,目标人群json,17,YES,text,65535,text
message_data,mess_push,5,0.000015258789,0.000030517578,0.000000000000,remark,备注,18,YES,text,65535,text
case_data,cass_case_traditional_medicine_treatment_method,4,0.000015258789,0.000015258789,0.000000000000,detail,详细说明,14,YES,text,65535,text
case_data,cass_case_traditional_medicine_treatment_method,4,0.000015258789,0.000015258789,0.000000000000,tcm_info,中药药材信息,24,YES,text,65535,text
digitalize_exam,diexc_service_info,4,0.000015258789,0.000015258789,0.000000000000,infos, 配置信息,4,NO,text,65535,text
content,cons_component,1,0.000015258789,0.000015258789,0.000000000000,component_config,组件配置,4,YES,text,65535,text
auth,auts_account_data_auth_point_scope,0,0.000015258789,0.000015258789,0.000000000000,scope,权限范围,3,YES,json,,json
auth,auts_data_auth_point_scope,0,0.000015258789,0.000015258789,0.000000000000,scope,维度,4,NO,json,,json
case_data,cass_case_additional_content,0,0.000015258789,0.000015258789,0.000000000000,info,病情信息描述,4,YES,text,65535,text
case_data,cass_case_additional_content,0,0.000015258789,0.000015258789,0.000000000000,report_info,报告补充说明,6,YES,text,65535,text
case_data,cass_case_history_extend,0,0.000015258789,0.000015258789,0.000000000000,description,病情描述,4,YES,text,65535,text
case_data,cass_case_history_extend,0,0.000015258789,0.000015258789,0.000000000000,sup_description,补充描述,6,YES,text,65535,text
case_data,cass_case_history_info,0,0.000015258789,0.000015258789,0.000000000000,value,字段值,5,YES,text,65535,text
case_data,cass_case_history_online_follow,0,0.000015258789,0.000015258789,0.000000000000,doctor_answer,医生解答,14,YES,text,65535,text
case_data,cass_case_info,0,0.000015258789,0.000015258789,0.000000000000,value,字段值,5,YES,text,65535,text
case_data,cass_case_inspection_report,0,0.000015258789,0.000015258789,0.000000000000,report_description,报告描述,6,YES,text,65535,text
case_data,cass_case_inspection_report,0,0.000015258789,0.000015258789,0.000000000000,ext,其余检查项，通过json存储,7,YES,text,65535,text
case_data,cass_case_inspection_result,0,0.000015258789,0.000015258789,0.000000000000,report_description,报告描述,6,YES,text,65535,text
case_data,cass_case_treatment_records,0,0.000015258789,0.000015258789,0.000000000000,description,详细说明,11,YES,text,65535,text
case_data,cass_case_western_medicine_inspection_result,0,0.000015258789,0.000015258789,0.000000000000,desc,报告描述,6,YES,text,65535,text
city_health_data_docking,chdds_interface_log,0,0.000015258789,0.000000000000,0.000000000000,request_data,接口调用请求体,2,YES,mediumtext,16777215,mediumtext
city_health_data_docking,chdds_interface_log,0,0.000015258789,0.000000000000,0.000000000000,response_data,平台接口返回体,3,YES,text,65535,text
city_health_data_docking,city_log,0,0.000015258789,0.000000000000,0.000000000000,request_body,请求参数,3,YES,text,65535,text
conference,cfes_participant_with_login_log,0,0.000015258789,0.000030517578,0.000000000000,extend_infos,扩展报名信息,8,YES,text,65535,text
content,cons_delivery_records,0,0.000015258789,0.000000000000,0.000000000000,cv_file,简历附件(【obj_key: 文件名】集合),11,YES,text,65535,text
content,cons_recruit_job,0,0.000015258789,0.000000000000,0.000000000000,job_duty,岗位职责,10,NO,text,65535,text
content,cons_recruit_job,0,0.000015258789,0.000000000000,0.000000000000,job_demand,岗位要求,11,NO,text,65535,text
content_data,cons_announcement,0,0.000015258789,0.000015258789,0.000000000000,content,公告正文,5,YES,text,65535,text
content_data,cons_article,0,0.000015258789,0.000015258789,0.000000000000,content,正文,9,YES,text,65535,text
digitalize_exam,diexc_novel_coronavirus_result,0,0.000015258789,0.000015258789,0.000000000000,suggestion,建议,10,YES,text,65535,text
digitalize_exam,diexc_tumor_screening_result,0,0.000015258789,0.000015258789,0.000000000000,suggestion,建议,10,YES,text,65535,text
disease_data,dids_disease_acupuncture_dialectical_cure,0,0.000015258789,0.000015258789,0.000000000000,dialectical_point,论证要点 ,5,YES,text,65535,text
disease_data,dids_disease_acupuncture_dialectical_cure,0,0.000015258789,0.000015258789,0.000000000000,treatment,治疗方案,6,YES,text,65535,text
disease_data,dids_disease_acupuncture_factor_info,0,0.000015258789,0.000015258789,0.000000000000,western_diagnose,西医诊断,4,YES,text,65535,text
disease_data,dids_disease_acupuncture_factor_info,0,0.000015258789,0.000015258789,0.000000000000,base_rule,法则,5,YES,text,65535,text
disease_data,dids_disease_acupuncture_factor_info,0,0.000015258789,0.000015258789,0.000000000000,recipe_principle,处方原则,6,YES,text,65535,text
disease_data,dids_disease_acupuncture_factor_info,0,0.000015258789,0.000015258789,0.000000000000,differential_diagnosis,鉴别诊断,7,YES,text,65535,text
disease_data,dids_disease_acupuncture_factor_info,0,0.000015258789,0.000015258789,0.000000000000,clinical_feature,临床表现,8,YES,text,65535,text
disease_data,dids_disease_acupuncture_factor_info,0,0.000015258789,0.000015258789,0.000000000000,prevention,预防,9,YES,text,65535,text
disease_data,dids_disease_acupuncture_factor_info,0,0.000015258789,0.000015258789,0.000000000000,regulate,调理,10,YES,text,65535,text
disease_data,dids_disease_acupuncture_replenish,0,0.000015258789,0.000015258789,0.000000000000,minor_acupoint,配穴,4,YES,text,65535,text
disease_data,dids_disease_acupuncture_replenish,0,0.000015258789,0.000015258789,0.000000000000,operate_description,操作,5,YES,text,65535,text
disease_data,dids_disease_anesthetic_material,0,0.000015258789,0.000015258789,0.000000000000,remark,备注信息,6,YES,text,65535,text
disease_data,dids_disease_chinese_medical_acupuncture_recipe,0,0.000015258789,0.000015258789,0.000000000000,acupoint_code,穴位信息,4,YES,text,65535,text
disease_data,dids_disease_chinese_medical_acupuncture_recipe,0,0.000015258789,0.000015258789,0.000000000000,body_parts,身体部位,5,YES,text,65535,text
disease_data,dids_disease_chinese_medical_acupuncture_recipe,0,0.000015258789,0.000015258789,0.000000000000,operate_introduction,操作手法,6,YES,text,65535,text
disease_data,dids_disease_chinese_medical_acupuncture_recipe,0,0.000015258789,0.000015258789,0.000000000000,stimulus_params,刺激参数,7,YES,text,65535,text
disease_data,dids_disease_chinese_medical_bleeding_recipe,0,0.000015258789,0.000015258789,0.000000000000,operate_introduction,操作手法,4,YES,text,65535,text
disease_data,dids_disease_chinese_medical_cauterize_recipe,0,0.000015258789,0.000015258789,0.000000000000,acupoint_code,穴位信息,4,YES,text,65535,text
disease_data,dids_disease_chinese_medical_cauterize_recipe,0,0.000015258789,0.000015258789,0.000000000000,body_parts,身体部位,5,YES,text,65535,text
disease_data,dids_disease_chinese_medical_cauterize_recipe,0,0.000015258789,0.000015258789,0.000000000000,operate_introduction,操作手法,6,YES,text,65535,text
disease_data,dids_disease_chinese_medical_cupping_recipe,0,0.000015258789,0.000015258789,0.000000000000,operate_introduction,操作手法,4,YES,text,65535,text
disease_data,dids_disease_chinese_medical_drug_piece_recipe,0,0.000015258789,0.000015258789,0.000000000000,recipe_detail,处方详情 名称drugName、药品code druCode、用量dosage、单位unit,5,YES,text,65535,text
disease_data,dids_disease_chinese_medical_drug_piece_recipe,0,0.000015258789,0.000015258789,0.000000000000,additional_recipe_detail,附加方规则组,6,YES,text,65535,text
disease_data,dids_disease_chinese_medical_drug_piece_recipe,0,0.000015258789,0.000015258789,0.000000000000,take_introduction,服用说明,8,YES,text,65535,text
disease_data,dids_disease_chinese_medical_ear_rub_recipe,0,0.000015258789,0.000015258789,0.000000000000,operate_introduction,操作手法,4,YES,text,65535,text
disease_data,dids_disease_chinese_medical_enema_recipe,0,0.000015258789,0.000015258789,0.000000000000,operate_introduction,操作手法,4,YES,text,65535,text
disease_data,dids_disease_chinese_medical_external_applying_recipe,0,0.000015258789,0.000015258789,0.000000000000,acupoint_code,穴位信息,4,YES,text,65535,text
disease_data,dids_disease_chinese_medical_external_applying_recipe,0,0.000015258789,0.000015258789,0.000000000000,body_parts,身体部位,5,YES,text,65535,text
disease_data,dids_disease_chinese_medical_external_applying_recipe,0,0.000015258789,0.000015258789,0.000000000000,operate_introduction,操作手法,6,YES,text,65535,text
disease_data,dids_disease_chinese_medical_factor_info,0,0.000015258789,0.000015258789,0.000000000000,definition,定义,4,YES,text,65535,text
disease_data,dids_disease_chinese_medical_factor_info,0,0.000015258789,0.000015258789,0.000000000000,diagnose_key_point,诊断要点,5,YES,text,65535,text
disease_data,dids_disease_chinese_medical_factor_info,0,0.000015258789,0.000015258789,0.000000000000,physic_check_result,理化检查结果,6,YES,text,65535,text
disease_data,dids_disease_chinese_medical_factor_info,0,0.000015258789,0.000015258789,0.000000000000,differential_diagnose,鉴别诊断,7,YES,text,65535,text
disease_data,dids_disease_chinese_medical_factor_info,0,0.000015258789,0.000015258789,0.000000000000,prevention,预防,8,YES,text,65535,text
disease_data,dids_disease_chinese_medical_factor_info,0,0.000015258789,0.000015258789,0.000000000000,regulate,调理,9,YES,text,65535,text
disease_data,dids_disease_chinese_medical_foot_soak_recipe,0,0.000015258789,0.000015258789,0.000000000000,recipe_detail,处方详情 名称drugName、药品code druCode、用量dosage、单位unit,5,YES,text,65535,text
disease_data,dids_disease_chinese_medical_foot_soak_recipe,0,0.000015258789,0.000015258789,0.000000000000,operate_introduction,操作手法,6,YES,text,65535,text
disease_data,dids_disease_chinese_medical_knead_recipe,0,0.000015258789,0.000015258789,0.000000000000,operate_introduction,操作手法,4,YES,text,65535,text
disease_data,dids_disease_chinese_medical_navigation_recipe,0,0.000015258789,0.000015258789,0.000000000000,operate_introduction,操作手法,5,YES,text,65535,text
disease_data,dids_disease_chinese_medical_other_external_recipe,0,0.000015258789,0.000015258789,0.000000000000,operate_introduction,操作手法,5,YES,text,65535,text
disease_data,dids_disease_chinese_medical_paint_recipe,0,0.000015258789,0.000015258789,0.000000000000,recipe_detail,处方详情 名称drugName、药品code druCode、用量dosage、单位unit,5,YES,text,65535,text
disease_data,dids_disease_chinese_medical_paint_recipe,0,0.000015258789,0.000015258789,0.000000000000,operate_introduction,使用介绍,6,YES,text,65535,text
disease_data,dids_disease_chinese_medical_patent,0,0.000015258789,0.000015258789,0.000000000000,take_introduction,服用说明,5,YES,text,65535,text
disease_data,dids_disease_chinese_medical_plaster_recipe,0,0.000015258789,0.000015258789,0.000000000000,operate_introduction,操作手法,4,YES,text,65535,text
disease_data,dids_disease_chinese_medical_symptom_info,0,0.000015258789,0.000015258789,0.000000000000,symptom_description,症状描述(病机),6,YES,text,65535,text
disease_data,dids_disease_chinese_medical_treat,0,0.000015258789,0.000015258789,0.000000000000,therapeutic_principle,治则,12,YES,text,65535,text
disease_data,dids_disease_chinese_medical_treaty_recipe,0,0.000015258789,0.000015258789,0.000000000000,drug_element,药品成分,4,YES,text,65535,text
disease_data,dids_disease_chinese_medical_treaty_recipe,0,0.000015258789,0.000015258789,0.000000000000,take_introduction,服用说明,6,YES,text,65535,text
disease_data,dids_disease_chinese_medical_western,0,0.000015258789,0.000015258789,0.000000000000,take_introduction,服用说明,5,YES,text,65535,text
disease_data,dids_disease_extend_info,0,0.000015258789,0.000015258789,0.000000000000,disease_definition,疾病定义,4,YES,text,65535,text
disease_data,dids_disease_extend_info,0,0.000015258789,0.000015258789,0.000000000000,caused_by,病因,5,YES,text,65535,text
disease_data,dids_disease_extend_info,0,0.000015258789,0.000015258789,0.000000000000,pathogenesis,发病机制,6,YES,longtext,4294967295,longtext
disease_data,dids_disease_extend_info,0,0.000015258789,0.000015258789,0.000000000000,symptom,症状表现,7,YES,longtext,4294967295,longtext
disease_data,dids_disease_extend_info,0,0.000015258789,0.000015258789,0.000000000000,diagnostic_examine,辅助检查,8,YES,longtext,4294967295,longtext
disease_data,dids_disease_extend_info,0,0.000015258789,0.000015258789,0.000000000000,diagnose,诊断,9,YES,longtext,4294967295,longtext
disease_data,dids_disease_extend_info,0,0.000015258789,0.000015258789,0.000000000000,treatment_strategy,治疗方式,10,YES,longtext,4294967295,longtext
disease_data,dids_disease_extend_info,0,0.000015258789,0.000015258789,0.000000000000,suggestion,建议,11,YES,text,65535,text
disease_data,dids_disease_extend_info,0,0.000015258789,0.000015258789,0.000000000000,prevention,预防,12,YES,text,65535,text
disease_data,dids_disease_extend_info,0,0.000015258789,0.000015258789,0.000000000000,common_cause,常见病诱发原因,13,YES,text,65535,text
disease_data,dids_disease_extend_info,0,0.000015258789,0.000015258789,0.000000000000,dangerous_cause,高危病诱发原因,14,YES,text,65535,text
disease_data,dids_disease_extend_info,0,0.000015258789,0.000015258789,0.000000000000,common_harm,常见病可能危害性,22,YES,text,65535,text
disease_data,dids_disease_extend_info,0,0.000015258789,0.000015258789,0.000000000000,dangerous_harm,高危病可能危害性,23,YES,text,65535,text
disease_data,dids_disease_extend_info,0,0.000015258789,0.000015258789,0.000000000000,boy_common_cause,常见病男性诱发原因,24,YES,text,65535,text
disease_data,dids_disease_extend_info,0,0.000015258789,0.000015258789,0.000000000000,boy_dangerous_cause,高危病男性诱发原因,25,YES,text,65535,text
disease_data,dids_disease_extend_info,0,0.000015258789,0.000015258789,0.000000000000,boy_common_harm,常见病男性可能危害性,26,YES,text,65535,text
disease_data,dids_disease_extend_info,0,0.000015258789,0.000015258789,0.000000000000,boy_dangerous_harm,高危病男性可能危害性,27,YES,text,65535,text
disease_data,dids_disease_extend_info,0,0.000015258789,0.000015258789,0.000000000000,girl_common_cause,常见病女性诱发原因,28,YES,text,65535,text
disease_data,dids_disease_extend_info,0,0.000015258789,0.000015258789,0.000000000000,girl_dangerous_cause,高危病女性诱发原因,29,YES,text,65535,text
disease_data,dids_disease_extend_info,0,0.000015258789,0.000015258789,0.000000000000,girl_common_harm,常见病女性可能危害性,30,YES,text,65535,text
disease_data,dids_disease_extend_info,0,0.000015258789,0.000015258789,0.000000000000,girl_dangerous_harm,高危病女性可能危害性,31,YES,text,65535,text
disease_data,dids_disease_surveillance_factor,0,0.000015258789,0.000015258789,0.000000000000,json_data,因子信息，json格式存储,6,YES,text,65535,text
disease_data,dids_treat_plan,0,0.000015258789,0.000015258789,0.000000000000,principle,治疗原则,5,YES,text,65535,text
disease_data,dids_treat_plan,0,0.000015258789,0.000015258789,0.000000000000,key_point,治疗要点,6,YES,text,65535,text
disease_data,dids_treat_plan,0,0.000015258789,0.000015258789,0.000000000000,source,来源,7,YES,text,65535,text
disease_data,discard_dids_disease_diagnostic_info,0,0.000015258789,0.000000000000,0.000000000000,diagnostic_source_remark,诊断来源备注,15,YES,text,65535,text
disease_data,discard_dids_disease_diagnostic_info,0,0.000015258789,0.000000000000,0.000000000000,applicable_scope,适应范围，存储json信息,16,YES,text,65535,text
disease_data,discard_dids_disease_diagnostic_info,0,0.000015258789,0.000000000000,0.000000000000,epidemiology,流行病学，存储json信息,17,YES,text,65535,text
disease_data,discard_dids_disease_diagnostic_info,0,0.000015258789,0.000000000000,0.000000000000,etiology,病因，存储json信息,18,YES,text,65535,text
disease_data,discard_dids_disease_diagnostic_info,0,0.000015258789,0.000000000000,0.000000000000,inducing_factors,诱发因素，存在多个，直接使用json做存储,19,YES,text,65535,text
disease_data,discard_dids_disease_diagnostic_info,0,0.000015258789,0.000000000000,0.000000000000,symptom,发病症状，存储json信息,20,YES,text,65535,text
disease_data,discard_dids_disease_diagnostic_info,0,0.000015258789,0.000000000000,0.000000000000,risk_factor,危险因素，存储json信息,21,YES,text,65535,text
disease_data,discard_dids_disease_diagnostic_info,0,0.000015258789,0.000000000000,0.000000000000,chief_complaint,常见主诉，存储json信息,22,YES,text,65535,text
disease_data,discard_dids_disease_diagnostic_info,0,0.000015258789,0.000000000000,0.000000000000,follow_up_visits,复诊需求，存储json信息,24,YES,text,65535,text
disease_data,discard_dids_disease_diagnostic_info,0,0.000015258789,0.000000000000,0.000000000000,personal_history,个人史，存储json信息,28,YES,text,65535,text
disease_data,discard_dids_disease_diagnostic_treatment,0,0.000015258789,0.000000000000,0.000000000000,treatment_principles,治疗原则,4,YES,text,65535,text
disease_data,discard_dids_disease_diagnostic_treatment,0,0.000015258789,0.000000000000,0.000000000000,treatment_function,治疗方法,5,YES,text,65535,text
hosec,hosec_audit_record,0,0.000015258789,0.000015258789,0.000000000000,reason,理由,4,YES,tinytext,255,tinytext
hosec,hosec_heating_self_test_result,0,0.000015258789,0.000015258789,0.000000000000,result,详细反馈,7,YES,text,65535,text
hosec,hosec_tumor_screening_result,0,0.000015258789,0.000015258789,0.000000000000,suggestion,建议,10,YES,text,65535,text
hosec,hosec_venerism_test_result,0,0.000015258789,0.000015258789,0.000000000000,suggestion,建议,7,YES,text,65535,text
message_data,mess_task,0,0.000015258789,0.000015258789,0.000000000000,target_user_codes,任务要发送的人,15,NO,text,65535,text
message_data,mess_template_snapshot,0,0.000015258789,0.000030517578,0.000000000000,content,内容,13,NO,text,65535,text
org_data,orgs_hospital_registration_info,0,0.000015258789,0.000015258789,0.000000000000,attachments,附件,10,YES,text,65535,text
product_data,annual_individual_report,0,0.000015258789,0.000000000000,0.000000000000,in_report,境内报告JSON,18,YES,text,65535,text
product_data,annual_individual_report,0,0.000015258789,0.000000000000,0.000000000000,out_report,境外报告JSON,31,YES,text,65535,text
product_data,annual_pharmacovigilance_info,0,0.000015258789,0.000000000000,0.000000000000,entrust_work,委托工作情况JSON,31,YES,text,65535,text
product_data,pros_annual_report,0,0.000015258789,0.000000000000,0.000000000000,user_registration_info,用户注册信息,18,YES,text,65535,text
product_data,pros_annual_report,0,0.000015258789,0.000000000000,0.000000000000,drug_info,药品信息,19,YES,text,65535,text
product_data,pros_annual_report,0,0.000015258789,0.000000000000,0.000000000000,regular_evaluation,定期分析评价,22,YES,text,65535,text
product_data,pros_annual_report,0,0.000015258789,0.000000000000,0.000000000000,risk_control,风险评估和控制,23,YES,text,65535,text
product_data,pros_annual_report,0,0.000015258789,0.000000000000,0.000000000000,list_safety_research,上市后安全性研究,24,YES,text,65535,text
product_data,pros_annual_report,0,0.000015258789,0.000000000000,0.000000000000,report_annual_self_evaluation,报告年度工作自评,25,YES,text,65535,text
product_data,pros_group_report,0,0.000015258789,0.000000000000,0.000000000000,adverse_event_performance,不良事件表现,11,YES,text,65535,text
product_data,pros_group_report,0,0.000015258789,0.000000000000,0.000000000000,main_clinic_process,临床经过,12,YES,text,65535,text
product_data,pros_group_report,0,0.000015258789,0.000000000000,0.000000000000,reporter_info,报告人信息,13,YES,text,65535,text
product_data,pros_group_report,0,0.000015258789,0.000000000000,0.000000000000,patient_info,个例信息,15,YES,text,65535,text
product_data,pros_group_report,0,0.000015258789,0.000000000000,0.000000000000,medication_info,用药信息,16,YES,text,65535,text
product_data,pros_individual_report,0,0.000015258789,0.000000000000,0.000000000000,patient_info,患者信息,11,YES,text,65535,text
product_data,pros_individual_report,0,0.000015258789,0.000000000000,0.000000000000,medication_info,用药信息,12,YES,text,65535,text
product_data,pros_individual_report,0,0.000015258789,0.000000000000,0.000000000000,reaction,不良反应,13,YES,text,65535,text
product_data,pros_individual_report,0,0.000015258789,0.000000000000,0.000000000000,related_inspections,相关检查,14,YES,text,65535,text
product_data,pros_individual_report,0,0.000015258789,0.000000000000,0.000000000000,gestation_report,妊娠报告,15,YES,text,65535,text
product_data,pros_individual_report,0,0.000015258789,0.000000000000,0.000000000000,attached_info,附加信息,16,YES,text,65535,text
product_data,pros_psur_report,0,0.000015258789,0.000000000000,0.000000000000,draft_basic_info,基本信息草稿,12,YES,text,65535,text
product_data,pros_psur_report,0,0.000015258789,0.000000000000,0.000000000000,safe_measure,采取的措施,15,YES,text,65535,text
product_data,pros_psur_report,0,0.000015258789,0.000000000000,0.000000000000,safe_measure_reason,采取措施的理由,16,YES,text,65535,text
product_data,pros_psur_report,0,0.000015258789,0.000000000000,0.000000000000,other_risk_measure,其他风险措施描述,18,YES,text,65535,text
product_data,pros_psur_report,0,0.000015258789,0.000000000000,0.000000000000,safe_measure_attachments,安全措施附件,19,YES,text,65535,text
product_data,pros_psur_report,0,0.000015258789,0.000000000000,0.000000000000,safe_information_updated,报告期内安全性信息变更内容,23,YES,text,65535,text
product_data,pros_psur_report,0,0.000015258789,0.000000000000,0.000000000000,diff_content,差异内容及说明,25,YES,text,65535,text
product_data,pros_psur_report,0,0.000015258789,0.000000000000,0.000000000000,other_nation_take_safe_measure_reason,在其他国家采取安全性措施的理由,27,YES,text,65535,text
product_data,pros_psur_report,0,0.000015258789,0.000000000000,0.000000000000,estimate_pharmacy_population_info,用药人数估算资料,28,YES,text,65535,text
product_data,pros_psur_report,0,0.000015258789,0.000000000000,0.000000000000,individual_drug_adverse_reaction,个例药品不良反应,29,YES,text,65535,text
product_data,pros_psur_report,0,0.000015258789,0.000000000000,0.000000000000,group_adverse_incident,群体不良事件,30,YES,text,65535,text
product_data,pros_psur_report,0,0.000015258789,0.000000000000,0.000000000000,security_research_info,安全性相关研究信息,31,YES,text,65535,text
product_data,pros_psur_report,0,0.000015258789,0.000000000000,0.000000000000,other_information,其他信息,32,YES,text,65535,text
product_data,pros_psur_report,0,0.000015258789,0.000000000000,0.000000000000,analysis_result,药品安全性分析评价结果,33,YES,text,65535,text
product_data,pros_psur_report,0,0.000015258789,0.000000000000,0.000000000000,report_conclusion,结论/附件,34,YES,text,65535,text
research,project_contract,0,0.000015258789,0.000030517578,0.000000000000,protocol_purpose,课题合同协议目的,6,YES,text,65535,text
research,project_distribution_rule,0,0.000015258789,0.000030517578,0.000000000000,accurate_rules,精准投放规则,7,YES,varchar,2048,varchar(2048)
research,project_report,0,0.000015258789,0.000030517578,0.000000000000,attachment_urls,报告附件的urls,9,YES,varchar,2048,varchar(2048)
research,project_report_apply,0,0.000015258789,0.000015258789,0.000000000000,attachment_info,附件信息,8,YES,text,65535,text
